[{"fullname": "KyleandSami RESISTER", "timestamp": "2017-09-01T14:34:13", "replies": 0, "user": "Knspal", "likes": 0, "id": "903627056159666179", "retweets": 0, "text": "@realdonaldrtump WAS SHAMED into giving money JUST like Jpel Olsteen was! DO not let him fool u thats why when SANDY came nothing from TRUMP pic.twitter.com/6lHpT0zdoZ"}, {"fullname": "MikeEngleman", "timestamp": "2017-09-01T18:10:26", "replies": 1, "user": "englemanmike1", "likes": 15, "id": "903681467146006529", "retweets": 7, "text": "I'm still waiting for the Clinton Foundation to donate to the hurricane fund, but then again, so is Haiti..."}, {"fullname": "Really FUBAR", "timestamp": "2017-09-01T15:05:40", "replies": 0, "user": "Really_FUBAR", "likes": 25, "id": "903634971721695235", "retweets": 19, "text": "It's absurd that we have to watch even Trump appointees like a hawk. America is 100% fed up w/State Dept, employees protecting Clinton. https://twitter.com/mitchellvii/status/903612491376316419\u00a0\u2026"}, {"fullname": "April Spivey", "timestamp": "2017-09-01T16:14:19", "replies": 0, "user": "a35362", "likes": 4, "id": "903652248399605763", "retweets": 0, "text": "Trump\u2019s Self-Congratulatory Tour Comes to Texas https://www.vanityfair.com/news/2017/08/trumps-self-congratulatory-tour-texas\u00a0\u2026pic.twitter.com/4s2phmXnxY"}, {"fullname": "@ANTITRUMPMVMT", "timestamp": "2017-09-01T21:29:36", "replies": 1, "user": "ANTITRUMPMVMT", "likes": 4, "id": "903731589376380931", "retweets": 3, "text": "Trump Draft Letter on Comey Firing Complained He Wouldn't Say Trump Was Not Under Investigation:... \u2022 #ANTITRUMPMVMT http://thehill.com/homenews/administration/348901-trump-draft-letter-on-comey-firing-complained-he-wouldnt-say-trump\u00a0\u2026"}, {"fullname": "Jamey R", "timestamp": "2017-09-01T23:24:22", "replies": 0, "user": "jrsicon2", "likes": 0, "id": "903760471601410049", "retweets": 0, "text": "Trump is also praying he does not get impeached."}, {"fullname": "Ross", "timestamp": "2017-09-01T16:08:09", "replies": 0, "user": "tbm860", "likes": 0, "id": "903650694548393984", "retweets": 0, "text": "Sensitive Leftists Criticize Melania Trump for Attire - Ignore Ridiculousness of Michelle Obama http://freedomoutpost.com/sensitive-leftists-criticize-melania-trump-attire-ignore-ridiculousness-michelle-obama/\u00a0\u2026 via @FPPTim"}, {"fullname": "certified squish", "timestamp": "2017-09-01T19:03:12", "replies": 0, "user": "screaminggeese", "likes": 0, "id": "903694746350211073", "retweets": 0, "text": "i hope you enjoy dc tho bb (even if there is yucky trump a stuff)"}, {"fullname": "Charla Ramsay", "timestamp": "2017-09-01T22:01:18", "replies": 0, "user": "c1w2d3", "likes": 0, "id": "903739566934200321", "retweets": 0, "text": "Trump is cut from a different cloth. Has more courage than most. Doubt he's forgotten the young American brutalized in NK. I'll bet on him."}, {"fullname": "JoAnn Turner", "timestamp": "2017-09-01T15:14:27", "replies": 0, "user": "JoHyjynx", "likes": 0, "id": "903637181515931648", "retweets": 0, "text": "His Trumpets are \"promised\" pay from Putin & Trump foundation. You'll have to sue him to get your $$$!!"}, {"fullname": "Angela Garner", "timestamp": "2017-09-01T22:55:55", "replies": 0, "user": "acgarner216", "likes": 0, "id": "903753313329524740", "retweets": 0, "text": "Yes trump followers don't care if it hurts them as long as it hurts liberals, cutting off your nose to spite your face!"}, {"fullname": "\u00a0\ud83d\udee1\u00a0\u2796Dustin Miller \u00a0\u2796\u00a0\ud83d\udcce", "timestamp": "2017-09-01T20:20:11", "replies": 1, "user": "spdustin", "likes": 1, "id": "903714121669070848", "retweets": 1, "text": "Donald Trump Jr. is getting $100,000 for university speech sponsored by GOP donor\u2019s company\n\nhttps://lni.io/2gqomkR\u00a0"}, {"fullname": "Rosemarie Zagarri", "timestamp": "2017-09-01T16:45:33", "replies": 0, "user": "rzhist", "likes": 1, "id": "903660106239418369", "retweets": 0, "text": "Crafty Robert Mueller Turns Up the Heat on Trump @alternethttp://www.alternet.org/crafty-robert-mueller-turns-heat-trump\u00a0\u2026"}, {"fullname": "arir36863", "timestamp": "2017-09-01T17:38:53", "replies": 0, "user": "arir36863", "likes": 0, "id": "903673527483686915", "retweets": 0, "text": "Did you see what Trump said?"}, {"fullname": "Tess", "timestamp": "2017-09-01T23:43:55", "replies": 0, "user": "Tesscatbird", "likes": 0, "id": "903765393520476160", "retweets": 0, "text": "All you need to know about trump and putin and Russia!  And yes, trump IS Putin's creature.  USA being run by a traitor! https://twitter.com/sethabramson/status/903693399114612736\u00a0\u2026"}, {"fullname": "maureenhomma@g1", "timestamp": "2017-09-01T23:38:32", "replies": 0, "user": "Maureenhommagm1", "likes": 0, "id": "903764039041470464", "retweets": 0, "text": "Donald Trump Jr. to give private testimony to Senate on Russia allegations http://globalnews.ca/news/3705325/donald-trump-jr-testify-senate-russia/\u00a0\u2026"}, {"fullname": "B. Justice", "timestamp": "2017-09-01T18:51:07", "replies": 0, "user": "zefirotorna", "likes": 0, "id": "903691706440306688", "retweets": 0, "text": "Mueller examining Trump\u2019s draft letter firing FBI Director Comey https://www.washingtonpost.com/amphtml/politics/mueller-examining-trumps-draft-letter-firing-fbi-director-comey/2017/09/01/52c6cd8e-8f17-11e7-8df5-c2e5cf46c1e2_story.html\u00a0\u2026"}, {"fullname": "Patricia rodriguez", "timestamp": "2017-09-01T17:38:43", "replies": 0, "user": "Patrici60131735", "likes": 0, "id": "903673485771362304", "retweets": 0, "text": "Ivanka Trump's doublespeak on equal pay is selling out women  https://apple.news/AaulFQXwERNaEXUCXoaG-qA\u00a0\u2026"}, {"fullname": "Imyerhuckleberry\u00a0\ud83c\uddfa\ud83c\uddf8", "timestamp": "2017-09-01T20:14:30", "replies": 1, "user": "IamyHuckleberry", "likes": 2, "id": "903712691461791749", "retweets": 0, "text": " \u201cWSJ: Trump lawyers want to paint Comey as an unreliable witness\u201d\nLets just paint the real Comey as #collusionhttps://twitter.com/i/moments/903362953503621120\u00a0\u2026"}, {"fullname": "Bangladesh News 24", "timestamp": "2017-09-01T22:16:23", "replies": 0, "user": "bdnews24", "likes": 0, "id": "903743364511784960", "retweets": 0, "text": "WSJ: Trump drafted a letter to Comey saying he wanted him out because Comey wouldn't clear him publicly in Russia \u2026 https://twitter.com/WSJ/status/903743261550026757\u00a0\u2026"}, {"fullname": "Mom", "timestamp": "2017-09-01T23:07:34", "replies": 0, "user": "proudmom111", "likes": 1, "id": "903756246200705024", "retweets": 1, "text": "\u2018This man knows too much\u2019: Ex-Bush ethics czar says Trump is afraid to fire Stephen Miller | Raw Story http://www.rawstory.com/?p=1114814\u00a0 via"}, {"fullname": "A Positive Outlook", "timestamp": "2017-09-01T21:46:14", "replies": 0, "user": "TheMotivatorCat", "likes": 0, "id": "903735777741475841", "retweets": 0, "text": "Trump pledges $1 million to Harvey flood victims. He also pledged $6 million to Vet's groups but he never delivered. He's a liar & a cheat"}, {"fullname": "Kayley", "timestamp": "2017-09-01T23:18:40", "replies": 2, "user": "JanekKayley", "likes": 2, "id": "903759038151720961", "retweets": 0, "text": "Do Trump supporters realize this? I've talked to several in my office today who think Trump is doing a fabulous job."}, {"fullname": "Sheri Nix", "timestamp": "2017-09-01T22:30:56", "replies": 0, "user": "SheriNix", "likes": 0, "id": "903747027363807232", "retweets": 0, "text": "OMFG...tRump called in a bunch of religious leaders to THANK him for his HARVEY response!!! https://twitter.com/chrislhayes/status/903742055364558849\u00a0\u2026"}, {"fullname": "jill", "timestamp": "2017-09-01T16:58:45", "replies": 0, "user": "jkebeans", "likes": 0, "id": "903663429713502209", "retweets": 0, "text": "Damned if he did... Truth about Trump & the dark, evangelical hypocrisy thrust upon Pres. Obama https://www.dailykos.com/story/2017/8/31/1695100/--Damned-if-he-did-Proof-of-Trump-the-so-called-evangelical-racist-hypocrisy-against-Obama\u00a0\u2026"}, {"fullname": "RojerAils", "timestamp": "2017-09-01T15:20:21", "replies": 0, "user": "RojerAils", "likes": 0, "id": "903638667629133825", "retweets": 0, "text": "NO ONE SEES TRUTH-DJT is anti-Sessions, Bannon, Miller et al-Has NOT to do with Russia- A.G. hurts minorities, addicts etc-.Trump's Lib NYer pic.twitter.com/a1jJxiLVLl"}, {"fullname": "Deplorable RAB 3", "timestamp": "2017-09-01T23:11:17", "replies": 0, "user": "beautifulsavag2", "likes": 0, "id": "903757181371248642", "retweets": 0, "text": "@CNN FAKE NEWS Camerota relentless trying to get Gov. Abbott to bash Trump\u2013fails miserably @FearUS_FLhttp://www.bizpacreview.com/2017/09/01/cnns-camerota-absolutely-relentless-trying-get-gov-abbott-bash-trump-still-fails-miserably-531605\u00a0\u2026"}, {"fullname": "David Futrelle", "timestamp": "2017-09-01T19:23:02", "replies": 1, "user": "DavidFutrelle", "likes": 28, "id": "903699739148918784", "retweets": 2, "text": "The Trump approval rating alligator opens its jaws ever wider pic.twitter.com/4LpckIWM0g"}, {"fullname": "RI deplorable", "timestamp": "2017-09-01T22:58:37", "replies": 0, "user": "BlueStateRedLad", "likes": 0, "id": "903753992739708932", "retweets": 0, "text": "@SpeakerRyan  can't wait for GOP to give me a call for donation...screw them and screw u. We did not vote YOUR agenda, we voted for Trump's"}, {"fullname": "Audrey", "timestamp": "2017-09-01T19:08:35", "replies": 0, "user": "_politic_us_", "likes": 0, "id": "903696103132057601", "retweets": 0, "text": "Trump thanks volunteer organizations for hurricane relief work http://ift.tt/2vQUOma\u00a0"}, {"fullname": "Kevin and Benedict", "timestamp": "2017-09-01T19:16:51", "replies": 0, "user": "kevandbenedict", "likes": 12, "id": "903698185045938176", "retweets": 2, "text": "I wonder if Trump will mention that unemployment went up in August..... probably not"}, {"fullname": "The Presto", "timestamp": "2017-09-01T19:31:11", "replies": 1, "user": "PrestoForever", "likes": 0, "id": "903701789261918209", "retweets": 0, "text": "A violent crime doesn't have to be murder. It can be crimes committed with firearms assault battery"}, {"fullname": "lynn", "timestamp": "2017-09-01T21:58:13", "replies": 0, "user": "lynnblack71", "likes": 0, "id": "903738791579574272", "retweets": 0, "text": "Show it on @seanhannity and Trump might pay attention to the problem https://twitter.com/morgfair/status/903624151067488256\u00a0\u2026"}, {"fullname": "james_sobrinho08", "timestamp": "2017-09-01T17:33:32", "replies": 1, "user": "sobrinho_James", "likes": 0, "id": "903672184102584320", "retweets": 0, "text": "Trump said he loved dreamers, but he lied. Disgraceful!"}, {"fullname": "Matthew M@tch Ray", "timestamp": "2017-09-01T16:58:57", "replies": 0, "user": "Matchiam", "likes": 1, "id": "903663478132449280", "retweets": 0, "text": "Thank God, history is no longer written by the victors. \nCuz Trump would hire a team of writers.\nI wonder if his blundering will form cults?"}, {"fullname": "Human in War", "timestamp": "2017-09-01T20:25:05", "replies": 0, "user": "HumanInWar", "likes": 0, "id": "903715355452858368", "retweets": 0, "text": "Trump Lacks Art of Deal on F-18s to Finland: There was a problem when President Donald Trump congratulated Finland\u2026 http://bit.ly/2wtXic1\u00a0"}, {"fullname": "Terry McIntyre", "timestamp": "2017-09-01T22:10:45", "replies": 0, "user": "IiwdpnMcintyre", "likes": 0, "id": "903741947671666688", "retweets": 0, "text": "Trump's budget director brags about snowing Trump into cutting Social Security https://www.dailykos.com/story/2017/9/1/1695330/-Trump-s-budget-director-brags-about-snowing-Trump-into-cutting-Social-Security\u00a0\u2026"}, {"fullname": "The Daily Beast", "timestamp": "2017-09-01T20:27:21", "replies": 35, "user": "thedailybeast", "likes": 11, "id": "903715926117318656", "retweets": 14, "text": "White House: Trump will announce DACA decision Tuesday http://thebea.st/2gqbACZ\u00a0pic.twitter.com/ReQsyjWGen"}, {"fullname": "2HELL_WITH_TRUMP", "timestamp": "2017-09-01T22:42:53", "replies": 0, "user": "nettezero9290", "likes": 2, "id": "903750035229339648", "retweets": 0, "text": "The be quiet really made a difference in this video!! He should shut his mouth forever !! Asshole Trump"}, {"fullname": "John Hoot", "timestamp": "2017-09-01T21:05:52", "replies": 0, "user": "JohnHoot2", "likes": 0, "id": "903725616905596930", "retweets": 0, "text": "To late"}, {"fullname": "jerry9526", "timestamp": "2017-09-01T23:16:17", "replies": 0, "user": "jerry8526", "likes": 0, "id": "903758439788277760", "retweets": 0, "text": "If U say U are not Trump's subordinates, then U need to quit acting like it. Stand up & be a man start impeachment proceeding."}, {"fullname": "Pat Marant", "timestamp": "2017-09-01T14:24:35", "replies": 0, "user": "MarantPat", "likes": 0, "id": "903624630975463424", "retweets": 0, "text": "Comedy, Clinton corruption at work. No backbone Republicans doing their part"}, {"fullname": "P.I.M.P.", "timestamp": "2017-09-01T14:31:19", "replies": 1, "user": "PoznanInMyPants", "likes": 0, "id": "903626326220922880", "retweets": 0, "text": "FFS. Grow a pair.\nEither you or Mueller is incredibly naive if you didnt think Trump would go Scorched Earth on DOJ FBI Mueller Comey etcetc"}, {"fullname": "Cameron Yow", "timestamp": "2017-09-01T16:54:14", "replies": 0, "user": "CameronYow", "likes": 0, "id": "903662292755251200", "retweets": 0, "text": "Ask your Kansas friend over that steak dinner when Trump plans to take down the Statue of Liberty?"}, {"fullname": "jjones1184", "timestamp": "2017-09-01T15:01:57", "replies": 0, "user": "jjones1184", "likes": 2, "id": "903634034877751296", "retweets": 0, "text": "I guess you like men who degrade women, cheat on their wives, have a filthy mouth, and have no moral character. Include Clinton"}, {"fullname": "GET TRUMP ELECTED", "timestamp": "2017-09-01T15:38:04", "replies": 0, "user": "LadyLibertyInEx", "likes": 0, "id": "903643124324585472", "retweets": 0, "text": "We're not writing anything but subpoenas for the Clinton Gang."}, {"fullname": "Toni", "timestamp": "2017-09-01T14:29:54", "replies": 0, "user": "ToniWaSaCha", "likes": 3, "id": "903625969113714690", "retweets": 1, "text": "My friends and I say the same thing everyday. We knew there was corruption, but we had no idea. One thing, Trump is exposing the swamp."}, {"fullname": "Ian J Relish", "timestamp": "2017-09-01T19:39:33", "replies": 0, "user": "ian_relish", "likes": 2, "id": "903703895943368708", "retweets": 1, "text": "It has nothing to do color. Trump considers anyone under the title of Gov. an underling. He doesn't deal with underlings unless he has to."}, {"fullname": "andee shwartz", "timestamp": "2017-09-01T16:12:06", "replies": 0, "user": "dbs330330", "likes": 0, "id": "903651691240669184", "retweets": 0, "text": "Real history says we did the same thing that's happening here today. conquer, erase, repeat. Won't learn,history repeats,Over n Over.Wake up"}, {"fullname": "Marge Espiritu", "timestamp": "2017-09-01T21:49:18", "replies": 0, "user": "MargieMoran", "likes": 0, "id": "903736548801351680", "retweets": 0, "text": "I liked a @YouTube video http://youtu.be/nRJCZ9VB4x8?a\u00a0 President Donald Trump signed a declaration marking Sunday as a day of prayer for"}, {"fullname": "Kickin' Chicken", "timestamp": "2017-09-01T21:04:59", "replies": 0, "user": "TamaraBatesRhod", "likes": 0, "id": "903725397464014848", "retweets": 0, "text": "Katie Pavlich - Chaffetz on News Comey Gave Hillary Clinton a Pass: He May Have Committed Perjury  https://townhall.com/tipsheet/katiepavlich/2017/09/01/chaffetz-on-news-comey-gave-hillary-clinton-a-pass-n2376176\u00a0\u2026"}, {"fullname": "Yang", "timestamp": "2017-09-01T21:26:20", "replies": 0, "user": "Lu_Chan_Yang", "likes": 0, "id": "903730767880101888", "retweets": 0, "text": "Twitter just Donald Trump me. Love the censorship be back in 11 hrs"}, {"fullname": "Jon M. Ramirez", "timestamp": "2017-09-01T17:50:53", "replies": 0, "user": "ramirezjonm", "likes": 0, "id": "903676549114748932", "retweets": 0, "text": "John McCain: President Trump is 'often poorly informed, can be impulsive' http://fb.me/wDd63Jsa\u00a0"}, {"fullname": "Sunny", "timestamp": "2017-09-01T19:14:35", "replies": 0, "user": "xclude_sunny", "likes": 0, "id": "903697611638673408", "retweets": 0, "text": "When will Donald Trump stop thinking about Popular vote & Electoral College vote. Correct. And many more you are correct."}, {"fullname": "\u13e8 \u13bd \u13e9 N \u13cc \u13a6", "timestamp": "2017-09-01T20:35:46", "replies": 0, "user": "Cygnus76", "likes": 0, "id": "903718042487705601", "retweets": 0, "text": "New story on NPR: Questions Linger About President Trump's Washington, D.C. Hotel http://ift.tt/2ew8IYl\u00a0pic.twitter.com/wCHZ1rQNpK"}, {"fullname": "Carlos Dangerous", "timestamp": "2017-09-01T17:35:53", "replies": 0, "user": "Threesheetss", "likes": 0, "id": "903672775918981120", "retweets": 0, "text": "When Trump is led away in handcuffs.#OddTimesToYellCheckmate"}, {"fullname": "Trey Young", "timestamp": "2017-09-01T17:00:15", "replies": 1, "user": "treyyoung1123", "likes": 0, "id": "903663807926595585", "retweets": 0, "text": "Yeahhhhhh you don't want me to start on all the ridiculous, blatant lies Trump has said. So let's not even go there buddy."}, {"fullname": "#TheResistance", "timestamp": "2017-09-01T17:49:40", "replies": 7, "user": "SocialPowerOne1", "likes": 93, "id": "903676242154676226", "retweets": 133, "text": "Leader of Trump\u2019s voter suppression scheme exposed as a paid columnist for Breitbart http://ift.tt/2eqlELs\u00a0"}, {"fullname": "JamiahAdams", "timestamp": "2017-09-01T19:44:03", "replies": 0, "user": "JamiahAdams", "likes": 0, "id": "903705028682178560", "retweets": 0, "text": "'We love the Dreamers': Trump close to decision on future of Obama program https://www.theguardian.com/us-news/2017/sep/01/trump-daca-dreamers-immigration-facebook-letter?CMP=share_btn_tw\u00a0\u2026"}, {"fullname": "Joe Mama", "timestamp": "2017-09-01T22:28:41", "replies": 0, "user": "JoeMama1986", "likes": 0, "id": "903746459694194688", "retweets": 0, "text": "So if there's no deal, is Ryan kissing Trump's ass in hopes of getting one? https://twitter.com/StopTheSpeaker/status/903722057032192000\u00a0\u2026"}, {"fullname": "Steve Peterson", "timestamp": "2017-09-01T19:55:20", "replies": 0, "user": "italypete10", "likes": 0, "id": "903707867005427712", "retweets": 0, "text": "Unstable would possibly be good this clown is a wacko nut job\nMakes you seriously wonder about the people who could see trump was nuts"}, {"fullname": "@........", "timestamp": "2017-09-01T20:17:46", "replies": 6, "user": "CarmineZozzora", "likes": 12, "id": "903713512282767360", "retweets": 5, "text": "Trump is a fake news NYC leftist Hillary plant turned fake news Hitler villain KGB spy neo-Nazi in the KKK because facts.\n\n#MAGA https://twitter.com/lsarsour/status/903273311194431489\u00a0\u2026"}, {"fullname": "Ivan Mathena", "timestamp": "2017-09-01T20:33:58", "replies": 1, "user": "IvanMathena", "likes": 0, "id": "903717592313057282", "retweets": 0, "text": "Proper months:\nJune (My birthday, Trump's birthday, and Flag Day, all in one)\nJuly (Independence Day)\nDecember (Christmas)"}, {"fullname": "Sami~Jaye", "timestamp": "2017-09-01T17:33:39", "replies": 0, "user": "sami_jaye", "likes": 0, "id": "903672211428392961", "retweets": 0, "text": "GROW UP Little girl!pic.twitter.com/CaSm9s38PJ"}, {"fullname": "Alan Duddle", "timestamp": "2017-09-01T19:21:06", "replies": 0, "user": "AlanPDuddle", "likes": 0, "id": "903699253826080771", "retweets": 0, "text": "Outrageous TRUMP'S USA https://twitter.com/shaunking/status/903629036102066176\u00a0\u2026"}, {"fullname": "Breaking News", "timestamp": "2017-09-01T17:00:52", "replies": 0, "user": "OnlBreakingNews", "likes": 0, "id": "903663960481824770", "retweets": 0, "text": "NAFTA talks kick off in Mexico City under cloud of Trump threats http://ow.ly/A7Pk50dNbhB\u00a0"}, {"fullname": "Shane", "timestamp": "2017-09-01T23:43:54", "replies": 1, "user": "Shane106320", "likes": 0, "id": "903765390806982656", "retweets": 0, "text": "Trump to host Sept. 18 meeting of world leaders on U.N. reform https://www.reuters.com/article/us-un-reform-trump/trump-to-host-sept-18-meeting-of-world-leaders-on-u-n-reform-idUSKCN1BC5SP\u00a0\u2026"}, {"fullname": "Richard E. Burke", "timestamp": "2017-09-01T22:02:25", "replies": 0, "user": "rburke08", "likes": 1, "id": "903739851199193088", "retweets": 1, "text": "Embarrassment and liar in chief- Nazis loverpic.twitter.com/keCUfucm9x"}, {"fullname": "Acy Slater", "timestamp": "2017-09-01T15:15:52", "replies": 0, "user": "ACK2069", "likes": 0, "id": "903637537482313729", "retweets": 0, "text": "Given the latest about Comey closing the email investigation before it began, would Clinton have faced impeachment with Rs in charge?"}, {"fullname": "Towleroad", "timestamp": "2017-09-01T15:12:44", "replies": 0, "user": "tlrd", "likes": 2, "id": "903636747669704704", "retweets": 1, "text": "Trump Tweets Praise for John Kelly But Resents Being Handled, Calls Steve Bannon When Kelly Isn\u2019t Around http://tlrd.us/2ev7Ov7\u00a0pic.twitter.com/LJtJhxFeLf"}, {"fullname": "Matthew", "timestamp": "2017-09-01T15:41:26", "replies": 0, "user": "MackTheMac", "likes": 0, "id": "903643972861616130", "retweets": 0, "text": "Russian lobbyist Rinat Akhmetshin on that notorious meeting at Trump Tower https://amp.ft.com/content/540354a4-8e4c-11e7-a352-e46f43c5825d\u00a0\u2026"}, {"fullname": "\u0420\u043e\u0441\u0446\u0435\u043d\u0437\u0443\u0440\u0430", "timestamp": "2017-09-01T14:40:40", "replies": 0, "user": "roscenzura_com", "likes": 0, "id": "903628681024868353", "retweets": 0, "text": "\u0420\u043e\u0441\u0441\u0438\u044f\u043d\u0438\u043d\u043e\u043c \u0438\u043b\u0438 \u0447\u0435\u0447\u0435\u043d\u0446\u0435\u043c? ) \u0410\u0445 \u0434\u0430, \u0427\u0435\u0447\u043d\u044f \u0436\u0435 \u044d\u0442\u043e \u0420\u043e\u0441\u0441\u0438\u044f."}, {"fullname": "\"Big Apple\" - NYC", "timestamp": "2017-09-01T21:15:17", "replies": 0, "user": "zaanak1978", "likes": 0, "id": "903727986234580993", "retweets": 0, "text": "New: \u201910 Things I Hate About James Comey\u2019: A Sad, Stupid Letter From Donald J. Trump http://ift.tt/2wYIcOM\u00a0"}, {"fullname": "Nik Marshall", "timestamp": "2017-09-01T16:10:14", "replies": 0, "user": "CGWM_NMarshall", "likes": 0, "id": "903651220610584576", "retweets": 0, "text": "The world in broef | September 1st, 2017 | #Espresso #Economist #Kenya #Trump #Brexit #IslamicState #chooseCGWMhttp://ow.ly/4Vyr30eQphA\u00a0"}, {"fullname": "Donood J. Twump", "timestamp": "2017-09-01T16:34:41", "replies": 0, "user": "WealDonoodTwump", "likes": 0, "id": "903657373260161024", "retweets": 1, "text": "September will be Trump's worst month SO FAR!\nBut you know he keeps getting worse and failing more miserably!"}, {"fullname": "Abdulrahman", "timestamp": "2017-09-01T22:52:03", "replies": 0, "user": "terrificrahman", "likes": 0, "id": "903752339546394625", "retweets": 0, "text": "Has any effect on the outcome of the  election. Really?! What more prove do they need? Donald Trump is in the white house! Ridiculous"}, {"fullname": "Ann Vasquez", "timestamp": "2017-09-01T22:05:12", "replies": 0, "user": "VasquezCsr6618", "likes": 0, "id": "903740549479501824", "retweets": 0, "text": "Ryan grow a pair and Censor trump"}, {"fullname": "Jerome Wright", "timestamp": "2017-09-01T18:18:49", "replies": 0, "user": "JWthewriter", "likes": 1, "id": "903683578193739781", "retweets": 0, "text": "Paul Ryan: Trump Shouldn't Scrap DACA for Kids 'Who Know No Other Country' http://time.com/4925171/paul-ryan-donald-trump-daca/\u00a0\u2026"}, {"fullname": "Sean McIntyre", "timestamp": "2017-09-01T15:57:28", "replies": 0, "user": "SeanMcIntyre403", "likes": 1, "id": "903648006137712640", "retweets": 0, "text": "funny thing is Comey helped Trump win but now he's the villain to him. I wish this thing would bust open."}, {"fullname": "V.C.I.", "timestamp": "2017-09-01T16:56:15", "replies": 1, "user": "VitoConte02", "likes": 1, "id": "903662800987414528", "retweets": 0, "text": "What do #dinosaurs & #nationalservice have in common? Under Trump's budget, they\u2019ll both be EXTINCT. #LetUsServepic.twitter.com/OSUHWjJEir"}, {"fullname": "News", "timestamp": "2017-09-01T19:52:07", "replies": 0, "user": "a1gutierrez", "likes": 0, "id": "903707059115438080", "retweets": 0, "text": "He a\u00f1adido un v\u00eddeo a una lista de reproducci\u00f3n de @YouTube (http://youtu.be/WcYc4LbtRLo?a\u00a0 - Donald Trump to donate $1million to"}, {"fullname": "My Trump Dump", "timestamp": "2017-09-01T14:49:29", "replies": 0, "user": "mytrumpdump", "likes": 0, "id": "903630897152479232", "retweets": 0, "text": "Dear Donald Trump: This is why you should\u00a0resign https://mytrumpdumpblog.wordpress.com/2017/09/01/dear-donald-trump-this-is-why-you-should-resign/\u00a0\u2026pic.twitter.com/sq457MKbuh"}, {"fullname": "Barbara Witt", "timestamp": "2017-09-01T17:11:42", "replies": 0, "user": "lovetheyear1997", "likes": 0, "id": "903666689652342784", "retweets": 0, "text": "The Trump's are so full of themselves.  They are so dangerous."}, {"fullname": "Brett Porter", "timestamp": "2017-09-01T14:24:56", "replies": 2, "user": "GingerScooper", "likes": 1, "id": "903624719081066496", "retweets": 0, "text": "I support the greens, not Jill, she chose to work with trump, she also worked alongside Russians. She IS corrupt"}, {"fullname": "United Resistance", "timestamp": "2017-09-01T16:25:00", "replies": 0, "user": "UniReEditor", "likes": 0, "id": "903654938089279488", "retweets": 0, "text": "Nevada Rep. Mark Amodei tries to be a &apos;pro-immigration Republican&apos; in the era of Trump -  Nevada Rep. M... pic.twitter.com/Psio9yHgPW"}, {"fullname": "Donald Stephens", "timestamp": "2017-09-01T17:03:19", "replies": 0, "user": "Catfinger77", "likes": 1, "id": "903664579309432833", "retweets": 0, "text": "Breaking. Signals have been translated mathematically: \"Trump sucks\""}, {"fullname": "Linda P", "timestamp": "2017-09-01T21:59:00", "replies": 0, "user": "USAHellfire", "likes": 1, "id": "903738988338397184", "retweets": 2, "text": "James Comey Moved to Exonerate Clinton Long Before Email Investigation Was Over http://www.breitbart.com/big-government/2017/09/01/james-comey-moved-exonerate-clinton-long-email-investigation/\u00a0\u2026"}, {"fullname": "Francis Mendy", "timestamp": "2017-09-01T20:19:31", "replies": 0, "user": "fbmendy", "likes": 0, "id": "903713955247468546", "retweets": 0, "text": "I'm not coming to anyone's defense, I'm saying you're being hysterical. Name one similarity that Trump has to Hitler. Be honest."}, {"fullname": "ITDC", "timestamp": "2017-09-01T19:47:59", "replies": 0, "user": "wdcit", "likes": 0, "id": "903706017510428672", "retweets": 0, "text": "Paul Ryan Tells Donald Trump: Don't End DACA, We'll Fix It - Breitbart http://bit.ly/2vyhdJp\u00a0"}, {"fullname": "Richard Daley", "timestamp": "2017-09-01T20:34:16", "replies": 0, "user": "daley_richard", "likes": 0, "id": "903717667260862464", "retweets": 0, "text": "I pray everyday that Trump will be impeached"}, {"fullname": "Nancy Levine", "timestamp": "2017-09-01T17:23:07", "replies": 0, "user": "nancylevine", "likes": 0, "id": "903669563191001088", "retweets": 0, "text": "Mueller Has Early Draft of Trump Letter Giving Reasons for Firing Comey https://nyti.ms/2wYeSYw\u00a0 #MuellerTime"}, {"fullname": "Sosumi Areti", "timestamp": "2017-09-01T19:50:48", "replies": 0, "user": "PaulBearer6", "likes": 0, "id": "903706729153650688", "retweets": 0, "text": "Not only do they have #Trump, in the US thongs are called \"flip-flops.\" And they wear them in public. Public! "}, {"fullname": "NotiMasNegocios", "timestamp": "2017-09-01T18:53:10", "replies": 0, "user": "NotiMasNegocios", "likes": 0, "id": "903692221337165824", "retweets": 0, "text": "Trump prev\u00e9 decidir sobre el programa dreamer este fin de semana http://dlvr.it/Pk9sFy\u00a0pic.twitter.com/QzWLL8qLfZ"}, {"fullname": "Tony Whitsett", "timestamp": "2017-09-01T22:25:44", "replies": 0, "user": "Tony98Tony", "likes": 0, "id": "903745715838615553", "retweets": 0, "text": "2PARDONED SOMEONE ACTOF MERCY.TRUMP HAS TURN MERCY INTO A GET OUT JAILCARD4 CRIMINALS KNOWINGLY COMMITTED CRIMES.SOME AGAINST THE COUNTRY pic.twitter.com/RPltfC84s8"}, {"fullname": "same ol' g", "timestamp": "2017-09-01T21:32:51", "replies": 1, "user": "NicBuzzworthy", "likes": 1, "id": "903732406976438272", "retweets": 0, "text": "White people constantly holding on to shit that does no benefit to them in society: racism, Donald Trump, the word \"nigga\"\n\n GIVE IT UP"}, {"fullname": "HRH Duke Of Hammer", "timestamp": "2017-09-01T20:10:35", "replies": 0, "user": "HrhHammer", "likes": 0, "id": "903711705573842947", "retweets": 0, "text": "Or...what?  50 lashes from Trump?"}, {"fullname": "George Salazar", "timestamp": "2017-09-01T21:12:42", "replies": 0, "user": "GeorgeSalazar6", "likes": 0, "id": "903727338633887744", "retweets": 0, "text": "@BBC @guardian @nytimes @postpolitics @SenWarren @BernieSanders @PBS @NPR @maddow @latimes @USATODAY @WSJ @FT Fits Trump Mafiocracy model. https://twitter.com/cmchedid/status/903664733638799360\u00a0\u2026"}, {"fullname": "Aubryn's Farm", "timestamp": "2017-09-01T23:13:34", "replies": 0, "user": "aubrynathome", "likes": 0, "id": "903757755353268224", "retweets": 0, "text": "Layoffs at #TheBlaze Tell Us That in the #Trump Era the Truth is Bad for Business | Mediaite https://www.mediaite.com/columnists/layoffs-at-theblaze-tell-us-that-in-the-trump-era-the-truth-is-bad-for-business/\u00a0\u2026  MUST READ"}, {"fullname": "UY Scuti", "timestamp": "2017-09-01T18:46:26", "replies": 0, "user": "Newswatchxx", "likes": 0, "id": "903690528302227457", "retweets": 0, "text": "'Safe Haven for Terror': Trump's Verbal Abuse Driving China, Pakistan Together: https://sputniknews.com/politics/201709011057000049-trump-afghan-strategy-pakistan-china/\u00a0\u2026 via @SputnikInt"}, {"fullname": "Bjorn Igar", "timestamp": "2017-09-01T22:43:50", "replies": 0, "user": "bjorn_igar", "likes": 2, "id": "903750274178850818", "retweets": 0, "text": "Too many watchful eyes in DC for Trump's goon to get his dirty laundry done."}]